title	author	avg_rating	ratings	img	url	pages
The Lord of the Rings (The Lord of the Rings, #1-3)	J.R.R. Tolkien	4.46	381559	1411114164s/33	33.The_Lord_of_the_Rings	1216
A Christmas Carol	Charles Dickens	4	378074	1451743936s/28430814	28430814-a-christmas-carol	224
The Greatest Salesman in the World	Og Mandino	4.18	29777	1403192719s/356896	356896.The_Greatest_Salesman_in_the_World	128
Falling Man	Don DeLillo	3.19	9283	1441139502s/28700	28700.Falling_Man	246
Seize the Night (Dark-Hunter #6)	Sherrilyn Kenyon	4.36	36022	1348418164s/84144	84144.Seize_the_Night	339
Life is Elsewhere	Milan Kundera	3.94	9413	1327945876s/44559	44559.Life_is_Elsewhere	432
Fruits Basket, Vol. 3	Natsuki Takaya	4.38	13571	1438768062s/836607	836607.Fruits_Basket_Vol_3	208
Shadow (New Species, #9)	Laurann Dohner	4.26	9318	1347034152s/13566041	13566041-shadow	210
Pushing the Limits (Pushing the Limits, #1)	Katie McGarry	4.09	90017	1339100892s/15326588	15326588-pushing-the-limits	329
Wizard's First Rule (Sword of Truth, #1)	Terry Goodkind	4.12	163055	1385248539s/43889	43889.Wizard_s_First_Rule	836
The Demon in the Freezer	Richard   Preston	4.09	8733	1328334519s/6640347	6640347-the-demon-in-the-freezer	256
Midwives	Chris Bohjalian	3.95	124948	1442593918s/5166	5166.Midwives	384
The Slight Edge: Secret to a Successful Life	Jeff Olson	4.41	6763	1387667330s/590652	590652.The_Slight_Edge	168
Warrior's Woman (Ly-San-Ter, #1)	Johanna Lindsey	4.02	6501	1277005901s/763774	763774.Warrior_s_Woman	448
Ronia, the Robber's Daughter	Astrid Lindgren	4.26	15855	1451632787s/19314	19314.Ronia_the_Robber_s_Daughter	176
Alanna: The First Adventure (Song of the Lioness, #1)	Tamora Pierce	4.27	80665	1366207610s/556390	556390.Alanna	231
The Eternity Cure (Blood of Eden, #2)	Julie Kagawa	4.28	24360	1362772965s/13581990	13581990-the-eternity-cure	434
Victoria and the Rogue	Meg Cabot	3.6	7671	1386923552s/187810	187810.Victoria_and_the_Rogue	241
Frenemies	Megan Crane	3.66	4037	1344270579s/1049509	1049509.Frenemies	304
Bellweather Rhapsody	Kate Racculia	3.8	3876	1387677194s/19604937	19604937-bellweather-rhapsody	352
Lila: A Novel	Marilynne Robinson	3.9	15922	1398198065s/20757547	20757547-lila	8
Return to the Clans (Manga Warriors: Tigerstar and Sasha, #3)	Erin Hunter	4.12	2801	1348767434s/5072077	5072077-return-to-the-clans	112
Arch of Triumph: A Novel of a Man Without a Country	Erich Maria Remarque	4.39	10896	1353844109s/672948	672948.Arch_of_Triumph	464
Far from the Madding Crowd	Thomas Hardy	3.89	79948	1430339759s/22934767	22934767-far-from-the-madding-crowd	443
A Series of Unfortunate Events Box: The Complete Wreck (Books 1-13)	Lemony Snicket	4.25	9875	1307655939s/65113	65113.A_Series_of_Unfortunate_Events_Box	3243
The Family	Mario Puzo	3.75	7472	1386925700s/274942	274942.The_Family	432
My Losing Season: A Memoir	Pat Conroy	3.83	6605	1333578751s/119216	119216.My_Losing_Season	432
The Sea Wolf	Jack London	4	17045	1389481608s/43049	43049.The_Sea_Wolf	425
The Ruins of Ambrai (Exiles, #1)	Melanie Rawn	4.04	7432	1327903388s/185292	185292.The_Ruins_of_Ambrai	928
His Teddy Bear	Eve Langlais	3.8	2014	1300716815s/10835316	10835316-his-teddy-bear	69
Madame Tussaud: A Novel of the French Revolution	Michelle Moran	3.94	14723	1320558120s/8689913	8689913-madame-tussaud	446
Zoo	James Patterson	3.39	25105	1355175463s/13353667	13353667-zoo	395
All Families are Psychotic	Douglas Coupland	3.68	10963	1405992884s/3379	3379.All_Families_are_Psychotic	288
The Outcast	Sadie Jones	3.58	6110	1347612211s/2054504	2054504.The_Outcast	352
Don't Die, My Love	Lurlene McDaniel	4.11	13018	1320416427s/127451	127451.Don_t_Die_My_Love	256
A Hustler's Wife	Nikki Turner	4.42	3897	1355115860s/289627	289627.A_Hustler_s_Wife	259
Tiger (New Species, #7)	Laurann Dohner	4.37	11333	1329262375s/13107666	13107666-tiger	221
Persepolis 2: The Story of a Return (Persepolis, #3-4)	Marjane Satrapi	4.21	39269	1327865598s/9517	9517.Persepolis_2	187
The Lost Girl	Sangu Mandanna	3.91	4741	1330091065s/13062488	13062488-the-lost-girl	432
Fairy Tale	Cyn Balog	3.43	4676	1320418154s/3472820	3472820-fairy-tale	248
Sailing Alone Around the Room: New and Selected Poems	Billy Collins	4.24	10094	1403183272s/676	676.Sailing_Alone_Around_the_Room	192
The Worst Journey in the World	Apsley Cherry-Garrard	4.16	3933	1388224063s/48503	48503.The_Worst_Journey_in_the_World	640
The Farming of Bones	Edwidge Danticat	4.05	5375	1388185521s/31115	31115.The_Farming_of_Bones	312
A Dance Through Time (MacLeod, #1; de Piaget/MacLeod, #2)	Lynn Kurland	4.19	4074	1404515320s/50717	50717.A_Dance_Through_Time	356
Get Me (The Keatyn Chronicles, #7)	Jillian Dodd	4.49	3312	1397292920s/18893982	18893982-get-me	375
Life's Golden Ticket: An Inspirational Novel	Brendon Burchard	3.9	1029	1181920413s/1211950	1211950.Life_s_Golden_Ticket	224
Last Child in the Woods: Saving Our Children from Nature-Deficit Disorder	Richard Louv	3.95	7601	1172262782s/156599	156599.Last_Child_in_the_Woods	335
This Present Darkness (Darkness, #1)	Frank E. Peretti	4.23	65527	1388202265s/17309	17309.This_Present_Darkness	376
Listen to My Voice	Susanna Tamaro	3.34	350	1328639028s/5279254	5279254-listen-to-my-voice	256
Elia Kazan: A Life	Elia Kazan	4.16	193	1400877293s/148938	148938.Elia_Kazan	848
Tiger (Five Ancestors, #1)	Jeff Stone	3.97	2429	1388187731s/256470	256470.Tiger	208
Howl's Moving Castle (Howl's Moving Castle, #1)	Diana Wynne Jones	4.3	123078	1404663071s/5985499	5985499-howl-s-moving-castle	302
Forbidden Blood (Vampire Venator, #1)	Felicity Heaton	4.12	376	1301904063s/10992270	10992270-forbidden-blood	378
The Pagan Stone (Sign of Seven, #3)	Nora Roberts	4.13	22266	1434511766s/3094593	3094593-the-pagan-stone	305
Mallory's Oracle (Kathleen Mallory, #1)	Carol O'Connell	3.97	4007	1433816101s/476575	476575.Mallory_s_Oracle	336
The Lie	Helen Dunmore	3.46	1735	1373404684s/18104734	18104734-the-lie	304
Self Raised	E.D.E.N. Southworth	4.37	343	1391100554s/403101	403101.Self_Raised	374
The Girl Who Chased Away Sorrow: The Diary of Sarah Nita, a Navajo Girl	Ann Turner	3.75	1650	1439593006s/570534	570534.The_Girl_Who_Chased_Away_Sorrow	208
An Old-Fashioned Girl	Louisa May Alcott	4.04	13541	1347469119s/246546	246546.An_Old_Fashioned_Girl	288
The Shrinking of Treehorn	Florence Parry Heide	4.17	635	1347636192s/1005587	1005587.The_Shrinking_of_Treehorn	64
Faith of Our Fathers: A House Divided (Volume One)	N.C. Allen	4.16	1422	1211915740s/273891	273891.Faith_of_Our_Fathers	458
Antigoddess (Goddess War, #1)	Kendare Blake	3.69	5461	1354541364s/13246736	13246736-antigoddess	333
Ruby Holler	Sharon Creech	3.99	12080	1347257250s/712807	712807.Ruby_Holler	288
The Art of Possibility: Transforming Professional and Personal Life	Rosamund Stone Zander	4.05	3873	1433226977s/23278051	23278051-the-art-of-possibility	218
The Ten-Year Nap	Meg Wolitzer	2.94	6797	1328053277s/1235499	1235499.The_Ten_Year_Nap	351
Sistah for Sale	Miasha	4.3	312	1347973895s/1893174	1893174.Sistah_for_Sale	192
The Emperor's Tomb (Von Trotta Family #2)	Joseph Roth	3.82	892	1404164246s/57787	57787.The_Emperor_s_Tomb	157
Perchance to Dream (Théí´íéí‚Œ¢tre Illuminata, #2)	Lisa Mantchev	3.93	4021	1317792140s/7179686	7179686-perchance-to-dream	341
The Secret of the Bulls	José Raul Bernardo	3.25	63	1354847333s/990565	990565.The_Secret_of_the_Bulls	304
Pack Your Bags and Get Out!	Dave Clarke	4.5	14	1387105544s/19476963	19476963-pack-your-bags-and-get-out	221
Cutters Don't Cry (SoCal, #1)	Christine Dzidrums	4.02	544	1333093718s/10302287	10302287-cutters-don-t-cry	132
Cirkeln (Engelsfors, #1)	Mats Strandberg	3.84	7564	1302030845s/11010899	11010899-cirkeln	516
Goong, Palace Story, Volume 23	Park So Hee	4.07	187	1328160291s/13449260	13449260-goong-palace-story-volume-23	192
í´íŠí‚éí´í©í‰Œí´í©ŒŒéí´í©éíïéí´íŠí‚Œ© í´íŠí‚éí´í©éíïéí´íŠí‚íÇí´í©éíïé	í´í©éíïéí´í©éíïéí´íŠí‚Œí´íŠí‚Œ± í´íŠí‚éí´í©éíïéí´í©éíïéí´íŠí‚Íí´íŠí‚éí´í©éíïéí´í©Œé	3.92	5518	1357895365s/2618660	2618660	173
Selina Penaluna	Jan Page	3.4	346	1328011955s/9692847	9692847-selina-penaluna	329
Implant	F. Paul Wilson	3.76	1060	1385151895s/219392	219392.Implant	448
Anne Hawksmoor: Lost in Time (Book 2)	K.C. Harry	4.5	6	1410697664s/23209862	23209862-anne-hawksmoor	98
The Top 10 of Everything 2007	Russell Ash	3.96	23	1328860264s/539181	539181.The_Top_10_of_Everything_2007	256
Write It Down, Make It Happen: Knowing What You Want And Getting It	Henriette Anne Klauser	4.12	1484	1436649505s/383301	383301.Write_It_Down_Make_It_Happen	256
Butcher's Crossing	John Edward Williams	4.1	5155	1320530482s/457228	457228.Butcher_s_Crossing	274
Hope in Hungnam	David Watts Jr.	4.34	47	1339129498s/15400107	15400107-hope-in-hungnam	260
The Alpha Meets The Rogue	xXdemolitionloverXx	4.32	19	1425769434s/25081799	25081799-the-alpha-meets-the-rogue	64
My Name is John	Thomas D. Eno	3.71	84	1205633262s/2603528	2603528-my-name-is-john	182
The Hostage (Medusa Project, #2)	Sophie McKenzie	3.99	1593	1327458795s/6642994	6642994-the-hostage	256
Bader Field	Carl David	4.89	9	1349051715s/5290189	5290189-bader-field	260
Practice in Christianity (Writings, Vol 20)	Sí´íí‚íÇren Kierkegaard	4.23	358	1347380140s/95265	95265.Practice_in_Christianity	452
Diane Arbus: A Biography	Patricia Bosworth	3.99	2955	1348560821s/134361	134361.Diane_Arbus	400
Faithful Place (Dublin Murder Squad, #3)	Tana French	3.95	48427	1291165900s/7093952	7093952-faithful-place	400
Moe the Dog in Tropical Paradise	Diane Stanley	4.16	49	1178572679s/807956	807956.Moe_the_Dog_in_Tropical_Paradise	32
Slither (The Last Apprentice / Wardstone Chronicles, #11)	Joseph Delaney	3.93	3363	1355869023s/15818358	15818358-slither	400
The Siege	Ismail Kadare	3.95	991	1356479564s/2101872	2101872.The_Siege	236
Masters of Cricket: From Trumper to May	Jack Fingleton	4.4	5	0	7519212-masters-of-cricket	260
The Finer Arts Of Bridge: A Textbook On Psychology	Victor Mollo	3.25	4	0	358834.The_Finer_Arts_Of_Bridge	201
Le 5e rí´íéí‚Ígne	Maxime Chattam	3.88	340	1412873957s/1518712	1518712.Le_5e_r_gne	528
El Vel de Maia: Dietari de La Guerra Civil (1936-39	Maria Manent	3.25	4	0	5153988-el-vel-de-maia	251
Diana Princess of Wales	Brian Hoey	4.17	6	1348949026s/382076	382076.Diana_Princess_of_Wales	32
í´íŠí‚í¢í´íŠí‚éí´í©éíïŒí´í©éíïéí´íŠí‚éí´í©éíïéíééæíé í´íŠí‚éíéí‚Œ©íéŒŒí´í©éíïé í´íŠí‚éí´íŠí‚Íí´í©ŒŒéí´íŠí‚éí´í©éíïéí´í©éíïéí´íŠí‚éí´íŠí‚éí´í©éíïé í´í©í‚Œí´íŠí‚Œ±í´íŠí‚í†í´í©ŒŒéí´íŠí‚éíéŒŒ: í´í©éíïéí´íŠí‚íéí´í©éíïéí´í©éíïíŠí´íŠí‚í†í´í©í‚Œ íéŒŒíéí‚Œ©í´í©éíïé / Book of Kings (Vol. 1)	Abolqasem Ferdowsi	4.35	34	1335952391s/6660085	6660085	532
Taylor Swift for Ukulele	Taylor Swift	4.45	20	1348321903s/14371070	14371070-taylor-swift-for-ukulele	87
Prisoner 1167: The Madman Who Was Jack the Ripper	James C.H. Tully	3.44	89	1387741442s/1242506	1242506.Prisoner_1167	396
Last of the Breed	Louis L'Amour	4.21	6823	1396832621s/266485	266485.Last_of_the_Breed	400
Suicide	í´íéíïŒdouard Levé	4.09	1260	1356083980s/7712622	7712622-suicide	112
There Is No Gray in Moral Failure: A Practical Guide in Preventing Sexual and Financial Misconduct	Yves Johnson	4.71	17	1355027853s/15885903	15885903-there-is-no-gray-in-moral-failure	108
The Hunter (Parker, #1)	Richard Stark	4.07	5897	1328724559s/3421619	3421619-the-hunter	198
Bockin perheen saaga	Ior Bock	4	9	1381674834s/13647887	13647887-bockin-perheen-saaga	120
My Dear Frank: The Letters That Inspired the Novel, the Last Letter	Jeanie Scouller Arthur	3	8	1413131646s/11094530	11094530-my-dear-frank	200
Senhores da Escuridí´íéí‚Œ£o (O Reino das Sombras, #2)	Robson Pinheiro	4.53	36	1337650194s/14129280	14129280-senhores-da-escurid-o	675
Horseshoe (Saddle Club, #44)	Bonnie Bryant	3.68	145	1266551665s/2110478	2110478.Horseshoe	144
The First Few frames	GB Davies	5	1	1387490651s/19547873	19547873-the-first-few-frames	256
Fire of the Covenant: The Story of the Willie and Martin Handcart Companies	Gerald N. Lund	4.55	6839	1388213207s/352965	352965.Fire_of_the_Covenant	794
The Concise Legacy  E-Book by Darussalam	Ibn Taymiyyah - í´íŠí‚éí´íŠí‚Íí´í©éíïé í´íŠí‚_í´í©Œéí´í©éíïéí´í©Œéí´íŠí‚Œ©	4.48	65	1379322177s/18493694	18493694-the-concise-legacy-e-book-by-darussalam	28
Emmy's Equal (Texas Fortunes, Book 3)	Marcia Gruver	3.61	66	1347668105s/6361692	6361692-emmy-s-equal	319
Letters Home	Sylvia Plath	4.18	2142	1408923184s/31421	31421.Letters_Home	502
Earth Sentinels: The Storm Creators	Shaman Elizabeth Herrera	4.32	28	1404485572s/22174149	22174149-earth-sentinels	270
Unbearable Lightness: A Story of Loss and Gain	Portia de Rossi	3.82	30876	1292739170s/9219901	9219901-unbearable-lightness	320
Wife Verses Mistress	Michelle King	5	1	1328040764s/12113809	12113809-wife-verses-mistress	52
Café y Martinis	Helena Moran-Hayes	4.41	41	1392266279s/20802095	20802095-caf-y-martinis	449
Staples for Success: From Business Plan to Billion-Dollar Business in Just a Decade	Thomas G. Stemberg	3.4	10	1328048362s/10917937	10917937-staples-for-success	0
Batman: Noël	Lee Bermejo	4.06	5099	1341435405s/11186443	11186443-batman	112
Zora and Nicky	Claudia Mair Burney	4.02	642	1437340689s/1846465	1846465.Zora_and_Nicky	389
The Edible Woman	Margaret Atwood	3.66	20233	1320439047s/133445	133445.The_Edible_Woman	310
Kindle Fire Owner's Manual: The ultimate Kindle Fire guide to getting started, advanced user tips, and finding unlimited free books, videos and apps on Amazon and beyond	Steve Weber	3.63	492	1343225333s/15768664	15768664-kindle-fire-owner-s-manual	154
The Inverted World	Christopher Priest	3.87	4216	1245646253s/142181	142181.The_Inverted_World	310
The Darkest Kiss (Lords of the Underworld #2)	Gena Showalter	4.27	42159	1399691671s/2498983	2498983.The_Darkest_Kiss	368
The Earth and Its Sorrows	Crooke Robert Crooke	5	1	1348698641s/8506085	8506085-the-earth-and-its-sorrows	200
End of State (Left Behind Political #1)	Neesa Hart	4.07	737	1406510706s/850202	850202.End_of_State	320
The Man Who Was Chesterton; The Best Essays, Stories, Poems, And Other Writings Of G. K. Chesterton	G.K. Chesterton	4.25	4	0	1808243.The_Man_Who_Was_Chesterton_The_Best_Essays_Stories_Poems_And_Other_Writings_Of_G_K_Chesterton	801
Being-in-Dreaming: An Initiation into the Sorcerers' World	Florinda Donner	3.95	224	1347642109s/12835	12835.Being_in_Dreaming	320
Of Time and the River: A Legend of Man's Hunger in His Youth	Thomas Wolfe	4.22	615	1376783841s/12451	12451.Of_Time_and_the_River	896
Phenomenology of Perception	Maurice Merleau-Ponty	4.12	3907	1402711600s/18279	18279.Phenomenology_of_Perception	544
í´ŒŒíÇí´Œí‚íÇí´Œí‚éí´Œí‚éí´Œí‚íÇí´Œí‚é í´Œí‚éí´Œí‚Œ í´Œí‚éí´Œí‚Œ±í´Œí‚éí´Œ«éíïŒí´Œí‚íÇí´Œí‚éí´Œí‚Œµ. í´ŒŒéí´Œ«éíïéí´Œí‚Œµí´Œí‚éí´Œ«ŒŒ í´æí‚äóÁí´Œí‚Œ£ í´Œí‚Œí´Œí‚éí´Œí‚éí´Œí‚íÇí´Œí‚Œ±í´Œ«ŒŒéí´Œí‚Œµí´Œí‚éí´Œí‚é í´Œí‚Œí´Œí‚éí´Œ«ŒŒí´Œí‚Œí´Œí‚íÇí´Œí‚éí´Œí‚íÇí´Œ«í‚Œí´Œ«éíïéí´Œí‚Œí´æí‚é. í´Œí‚Œ£í´Œí‚éí´Œí‚íÇí´Œ«éíïéí´Œí‚éí´Œí‚Œ í´Œí‚éí´Œí‚Œ í´Œ«í‚Œí´Œí‚éí´Œí‚éí´Œí‚éí´Œí‚éí´Œí‚Œµ	Arkady Strugatsky	4.54	761	1223978677s/1442238	1442238._	624
Diana with Love	Nigel Langdon	4	1	1267272609s/2792649	2792649-diana-with-love	48
A Darkness Strange and Lovely (Something Strange and Deadly, #2)	Susan Dennard	3.98	3737	1351415687s/13624584	13624584-a-darkness-strange-and-lovely	408
Emotions	Arnulfo Cantarero	3.62	24	1436576579s/25886430	25886430-emotions	347
Invent-10n	Rod Rees	4.5	4	1410268003s/23174504	23174504-invent-10n	220
The Secret Crown (Payne & Jones, #6)	Chris Kuzneski	3.94	2353	1400380179s/8813644	8813644-the-secret-crown	465
Silver Wedding	Maeve Binchy	3.6	7610	1320391961s/34309	34309.Silver_Wedding	272
Dead Air	Iain Banks	3.47	4365	1415586169s/12006	12006.Dead_Air	436
I Kissed Dating Goodbye: A New Attitude Toward Relationships and Romance	Joshua Harris	3.61	17214	1320506446s/107195	107195.I_Kissed_Dating_Goodbye	221
Poems	Mihai Eminescu	4.37	1421	1417512000s/778612	778612.Poems	214
Attracted to Fire	DiAnn Mills	4.1	1460	1348899130s/11115191	11115191-attracted-to-fire	416
Bitten	Dan  O'Brien	3.6	130	1356591962s/10241239	10241239-bitten	243
Deadly Captive (Deadly Captive, #1)	Bianca Sommerland	3.48	2055	1323194689s/12363622	12363622-deadly-captive	326
I Heard That Song Before	Mary Higgins Clark	3.81	13078	1408925501s/170641	170641.I_Heard_That_Song_Before	318
The Gift (Crown's Spies, #3)	Julie Garwood	4.16	13414	1329160736s/107781	107781.The_Gift	373
Running Wild (Zombie Games, #2)	Kristen Middleton	4.13	638	1363388511s/15739726	15739726-running-wild	210
Vampires Don't Sparkle!	Michael  West	4.11	54	1362621217s/17455456	17455456-vampires-don-t-sparkle	233
Suffer the Children	John Saul	3.88	21848	1386925349s/6572	6572.Suffer_the_Children	378
Another Bullshit Night in Suck City	Nick Flynn	3.76	8250	1388177754s/386	386.Another_Bullshit_Night_in_Suck_City	347
Killing Hitler With Praise And Fire: Choose Your Own Horrible History	Matthew Hutchins	4	15	1399788014s/22066424	22066424-killing-hitler-with-praise-and-fire	324
Snowbound	Cari Hunter	3.9	395	1327939535s/11262477	11262477-snowbound	288
The Labyrinth of Solitude and Other Writings	Octavio Paz	4.17	5135	1388265409s/11702	11702.The_Labyrinth_of_Solitude_and_Other_Writings	398
The Dark is Rising Sequence (The Dark is Rising, #1-5)	Susan Cooper	4.29	12073	1386921699s/11306	11306.The_Dark_is_Rising_Sequence	1148
Pankraz der Schmoller	Gottfried Keller	3.06	35	1190362720s/1921992	1921992.Pankraz_der_Schmoller	83
Whale Talk	Chris Crutcher	3.95	8768	1388278939s/49746	49746.Whale_Talk	224
Judging a Book by Its Lover: A Field Guide to the Hearts and Minds of Readers Everywhere	Lauren Leto	3.25	942	1343611579s/13623953	13623953-judging-a-book-by-its-lover	288
The Distant Hours	Kate Morton	3.86	45657	1358273860s/6746018	6746018-the-distant-hours	576
Die Physiker	Friedrich Dírrenmatt	4.03	9036	1414321871s/452220	452220.Die_Physiker	95
Dead and Buried (The Murder Notebooks, #4)	Anne Cassidy	4.16	117	1388185914s/20324353	20324353-dead-and-buried	336
Mouse Magic (Wizards Of Mickey Volume 1)	Stefano Ambrosio	3.72	46	1439930720s/6949716	6949716-mouse-magic	112
The Diary of Road Rage: Starts Out with Many But Boils Down to You	Marcus Davis	5	2	1363582701s/10170230	10170230-the-diary-of-road-rage	0
World Without End (The Pillars of the Earth, #2)	Ken Follett	4.21	126906	1388183355s/5064	5064.World_Without_End	1014
Breaking Rules (Breaking, #1)	Tracie Puckett	3.77	1997	1432115457s/20754848	20754848-breaking-rules	250
All Our Yesterdays (All Our Yesterdays, #1)	Cristin Terrill	4.06	15816	1374021430s/18210450	18210450-all-our-yesterdays	320
í´íŠí‚éí´í©Œéí´íŠí‚Êí´íŠí‚Œ± í´íŠí‚éí´í©éíïéí´í©éíïŒ í´íŠí‚éí´í©Œéí´íŠí‚éí´íŠí‚éí´í©í‰Œ	í´íŠí‚äó_í´íŠí‚Íí´íŠí‚Œ±í´íŠí‚éí´í©éíïŒí´í©Œéí´í©éíïé í´íŠí‚éí´í©éíïéí´í©í‚Œí´í©éíïéí´í©Œé	3.97	2640	1237920794s/6356526	6356526	110
Tibetan Book of the Dead	Padmasambhava	4.18	6204	1347440916s/208124	208124.Tibetan_Book_of_the_Dead	304
The Last Witchfinder	James K. Morrow	3.54	1213	1347620687s/218573	218573.The_Last_Witchfinder	526
Blood Meridian, or the Evening Redness in the West	Cormac McCarthy	4.19	67884	1453995760s/394535	394535.Blood_Meridian_or_the_Evening_Redness_in_the_West	337
In the Frame	Dick Francis	3.91	2265	1349041180s/8535	8535.In_the_Frame	304
The Journals of Raymond Brooks	Amit Bobrov	4.2	25	1455460135s/17290170	17290170-the-journals-of-raymond-brooks	404
I'm Will	William Haylon	4.07	14	1349886455s/16078921	16078921-i-m-will	287
Dream Traveler (The Imagination Series #3)	Neil D. Ostroff	5	4	1328213129s/13122386	13122386-dream-traveler	93
Pretty Little Secrets: A Pretty Little Liars Collection (Pretty Little Liars, #4.5)	Sara Shepard	3.88	8328	1321568109s/12152785	12152785-pretty-little-secrets	447
The Law and the Lady	Wilkie Collins	3.77	1540	1348101880s/194649	194649.The_Law_and_the_Lady	348
í´ŒŒéí´Œ«éíïéí´Œí‚éí´Œí‚éí´Œí‚éí´Œí‚é í´Œí‚íÇ í´Œí‚éí´Œ«éíïéí´Œí‚éí´Œí‚éí´Œí‚éí´Œí‚é	Clifford D. Simak	3.91	1566	1358081607s/17237260	17237260	288
V is for Vengeance (Kinsey Millhone, #22)	Sue Grafton	3.91	19600	1388198242s/10852027	10852027-v-is-for-vengeance	437
Mathematics: Is God Silent?	James Nickel	4.18	87	1387745602s/173590	173590.Mathematics	434
Hover Car Racer (Hover Car Racer, #1-3)	Matthew Reilly	3.96	2653	1326542101s/144794	144794.Hover_Car_Racer	432
Debt Inheritance (Indebted, #1)	Pepper Winters	3.8	14698	1395175825s/21400356	21400356-debt-inheritance	222
Hide and Seek (Inspector Rebus, #2)	Ian Rankin	3.79	8937	1388781805s/77490	77490.Hide_and_Seek	224
Motel Life	Willy Vlautin	3.89	2100	1361374390s/10650227	10650227-motel-life	201
Pandora	Jilly Cooper	3.78	1325	1337754755s/339215	339215.Pandora	558
Mutant Message From Forever	Marlo Morgan	3.72	872	1359702997s/38256	38256.Mutant_Message_From_Forever	323
Dante's Divine Comedy: Inferno	Arcturus	4.4	10	1391978023s/20760400	20760400-dante-s-divine-comedy	128
Fields of Fire	James Webb	4.18	3347	1388179875s/198289	198289.Fields_of_Fire	496
The Books of the South (The Chronicles of the Black Company, #3.5-5)	Glen Cook	4.24	7349	1392531116s/2365730	2365730.The_Books_of_the_South	671
The Trouble with Playing Cupid	Tamara Philip	4.29	45	1406658204s/22817757	22817757-the-trouble-with-playing-cupid	97
Jemima J: A Novel About Ugly Ducklings and Swans	Jane Green	3.6	98663	1388207990s/227941	227941.Jemima_J	373
Zany Hijinx!	Tom Waters	5	1	1266742774s/2338189	2338189.Zany_Hijinx_	466
The Daughter We Didn't Know We Had: The Tears, Fears, and Joys of a Mother of a Transgender Child	Marilyn   Phillips	4	6	1436884716s/23237685	23237685-the-daughter-we-didn-t-know-we-had	144
Queenie	Jacqueline Wilson	4.22	852	1353033095s/15798129	15798129-queenie	410
Memoirs of an Invisible Man	H.F. Saint	4.11	1227	1360466141s/137443	137443.Memoirs_of_an_Invisible_Man	396
Tobias: a short story	Hallie M. Smith	5	1	1421965070s/24645767	24645767-tobias	14
Red and Her Wolf (Kingdom, #3)	Marie Hall	3.98	2046	1367559182s/16050185	16050185-red-and-her-wolf	200
Dead Heat (Alpha & Omega #4)	Patricia Briggs	4.26	14627	1406232150s/22571699	22571699-dead-heat	324
Bone, Vol. 7: Ghost Circles (Bone, #7)	Jeff Smith	4.35	7295	1328005107s/142309	142309.Bone_Vol_7	184
The Dermis Probe	Idries Shah	4.53	80	1347345304s/744982	744982.The_Dermis_Probe	191
Mickey Mouse, Vol. 2: Trapped on Treasure Island	Floyd Gottfredson	4.42	89	1440543367s/10891220	10891220-mickey-mouse-vol-2	280
The Walking Dead, Vol. 01: Days Gone Bye	Robert Kirkman	4.29	147560	1389233242s/138398	138398.The_Walking_Dead_Vol_01	144
Dream a Little Dream (Chicago Stars, #4)	Susan Elizabeth Phillips	4.18	22861	1308818689s/73095	73095.Dream_a_Little_Dream	400
Dog on It (A Chet and Bernie Mystery #1)	Spencer Quinn	3.85	13829	1342376684s/5600151	5600151-dog-on-it	305
Turtle Island	Gary Snyder	4.09	3132	1388300566s/40795	40795.Turtle_Island	112
Cashelmara	Susan Howatch	4.07	5346	1391885251s/236709	236709.Cashelmara	720
...íéí‚éíéí‚Œ±íéí‚éíéí‚íé, íéí‚Œµí´Œí‰Œí´Œí‚Œ í´Œí‰Œíéí‚éíéí‚Œí´Œéíïéí´ŒŒéíéí‚íÇíéí‚Êíéí‚éíéí‚Œµí´Œéíïé íéí‚éí´ŒéíïŒí´Œí‚Œíéí‚í†í´Œéíïé	Chronis Missios	4.37	381	1281362715s/8810661	8810661	221
Christmas Eve, Eve!: How Katie found the best present of all, The Present Moment (Motivational Stories for Children Collection Book 2)	Sarah  Lawrence	5	6	1418950512s/23767964	23767964-christmas-eve-eve	30
The Perfect Bride for Mr. Darcy	Mary Lydon Simonsen	3.65	1123	1347297548s/8038053	8038053-the-perfect-bride-for-mr-darcy	381
Sword of God (Payne & Jones, #3)	Chris Kuzneski	3.92	2675	1348193847s/2039091	2039091.Sword_of_God	432
Double Lives: Spies and Writers in the Secret Soviet War of Ideas Against the West	Stephen Koch	4.23	13	1387713715s/169775	169775.Double_Lives	419
Magic's Price (Valdemar: Last Herald-Mage #3)	Mercedes Lackey	4.26	16111	1297394494s/28734	28734.Magic_s_Price	336
Up a Road Slowly	Irene Hunt	4.01	4653	1390965383s/65954	65954.Up_a_Road_Slowly	197
The Darkest Passion (Lords of the Underworld #5)	Gena Showalter	4.37	31607	1351278057s/6758331	6758331-the-darkest-passion	438
Homeschooling with a Meek and Quiet Spirit	Teri Maxwell	4.19	181	1387708386s/1901648	1901648.Homeschooling_with_a_Meek_and_Quiet_Spirit	128
Nausea	Jean-Paul Sartre	3.9	52509	1377674928s/298275	298275.Nausea	178
My Mommy Has Epilepsy	Stacey Chillemi	4	3	1347264974s/4234369	4234369-my-mommy-has-epilepsy	66
THE MARRIAGE DIARIES (Volumes #1 - #4)	Erika Wilde	4.17	635	1439689742s/18894559	18894559-the-marriage-diaries	241
Heart of the Wilderness	Janette Oke	3.96	2280	1387702599s/843846	843846.Heart_of_the_Wilderness	239
The 7 Habits of Highly Effective People: Powerful Lessons in Personal Change	Stephen R. Covey	3.99	243559	1421842784s/36072	36072.The_7_Habits_of_Highly_Effective_People	372
Blood Rites (The Dresden Files, #6)	Jim Butcher	4.33	75063	1345557965s/99383	99383.Blood_Rites	439
Personally, I Blame My Fairy Godmother	Claudia Carroll	3.71	1324	1279479862s/7818243	7818243-personally-i-blame-my-fairy-godmother	436
Adventure-Pom!	Sean Dryden	4.17	46	1380764557s/18620524	18620524-adventure-pom	50
Castle Grey - A Katt and Mouse Mystery	L.C. Wright	4.05	19	1355917747s/16230498	16230498-castle-grey---a-katt-and-mouse-mystery	394
Qué hacer cuando en la pantalla aparece THE END	Paula Bonet	3.92	213	1395774680s/21567223	21567223-qu-hacer-cuando-en-la-pantalla-aparece-the-end	200
The Jilbab Traveller	Asma Nadia	3.7	125	1350318710s/16088879	16088879-the-jilbab-traveller	344
Power Without Responsibility: The Press, Broadcasting, and New Media in Britain	James Curran	3.84	43	1267764255s/3083678	3083678-power-without-responsibility	459
The Fat Innkeeper	Alan Russell	3.73	56	1204213147s/2914005	2914005-the-fat-innkeeper	304
A Doí´íéí‚éura da Chuva	Deborah Smith	3.97	1414	1434045501s/6216499	6216499-a-do-ura-da-chuva	478
Kai Chand They Sar-E-Aasman	Shamsur Rahman Faruqi	4.28	102	1371998463s/18111728	18111728-kai-chand-they-sar-e-aasman	830
Janice Meredith	Paul Leicester Ford	3.72	29	1349064867s/2071678	2071678.Janice_Meredith	524
The Golden Door (The Three Doors Trilogy #1)	Emily Rodda	4.06	1613	1311067158s/11962191	11962191-the-golden-door	264
í´íŠí‚Œ£í´í©Œéí´í©éíïŒí´íŠí‚é í´íŠí‚éí´í©éíïéí´íŠí‚éí´íŠí‚éí´íŠí‚í†í´íŠí‚Œ© í´íŠí‚éí´íŠí‚í«í´í©éíïéí´íŠí‚éí´í©ŒŒéí´íŠí‚é í´íŠí‚éí´í©éíïéí´íŠí‚Œ£í´í©éíïéí´í©éíïéí´íŠí‚éí´íŠí‚Œ©	í´í©éíïéí´íŠí‚Œµí´íŠí‚Êí´í©í‚Œí´í©éíïŒ í´í©éíïéí´íŠí‚éí´í©éíïéí´í©ŒŒ_í´íŠí‚í†	3.93	801	1279910020s/8627191	8627191	108
The Atonement Child	Francine Rivers	4.25	27034	1406513472s/9943	9943.The_Atonement_Child	375
Gods Tomorrow (Ghost Targets, #1)	Aaron Pogue	3.73	359	1328013106s/9509456	9509456-gods-tomorrow	210
A Wolf at the Table	Augusten Burroughs	3.69	21862	1388205251s/2145681	2145681.A_Wolf_at_the_Table	242
Alive In A Dead World (Zombie Fallout, #5)	Mark Tufo	4.33	3260	1330601509s/13506310	13506310-alive-in-a-dead-world	354
Twilight: The Graphic Novel, Vol. 2 (The Twilight Saga)	Stephenie Meyer	4.26	17274	1385225607s/18908394	18908394-twilight	240
A Special Place In Hell...Healing An Epidemic of Unhappy Women	April Churchill	4.33	3	1347676257s/5995411	5995411-a-special-place-in-hell-healing-an-epidemic-of-unhappy-women	163
Vision of the Future (Star Wars: The Hand of Thrawn, #2)	Timothy Zahn	4.04	11520	1328289436s/77786	77786.Vision_of_the_Future	520
Diggers (Bromeliad Trilogy, #2)	Terry Pratchett	3.82	8412	1461277395s/989030	989030.Diggers	173
Summer (Beautiful Dead, #3)	Eden Maguire	3.78	1875	1327099393s/6726734	6726734-summer	304
Rider (Spirals of Destiny #1)	Jim Bernheimer	3.84	259	1319427443s/8515176	8515176-rider	250
Hidden and Inaccessible Knowledge	Mbuta Luyinduladio Celly	5	1	1347625403s/6667784	6667784-hidden-and-inaccessible-knowledge	158
í´í©éíïéí´í©éíïŒí´í©ŒŒéí´íŠí‚Œ© í´í©ŒŒéí´íŠí‚í¢í´í©Œéí´í©í‰Œí´í©ŒŒéí´í©éíïéí´íŠí‚éí´íŠí‚éí´íŠí‚Œ©	í´íŠí‚éí´í©éíïéí´íŠí‚Œ± í´íŠí‚Êí´íŠí‚éí´í©éíïŒí´íŠí‚Œ±	2.96	2016	1229893029s/6017893	6017893	78
The False Princess	Eilis O'Neal	3.79	12406	1320540145s/6760761	6760761-the-false-princess	319
The Nameless City	H.P. Lovecraft	3.74	921	1339024496s/6505012	6505012-the-nameless-city	23
Tiger Prince	Sandra Brown	3.78	2110	1386925709s/30382	30382.Tiger_Prince	298
Invasion of the Overworld:  A Minecraft Novel	Mark Cheverton	4.33	646	1375747661s/18281341	18281341-invasion-of-the-overworld	153
Gulp: Adventures on the Alimentary Canal	Mary Roach	3.91	24512	1352232547s/13615414	13615414-gulp	348
The Battle of Jericho (Jericho, #1)	Sharon M. Draper	4.13	3011	1388346578s/266663	266663.The_Battle_of_Jericho	352
Oh, Brother! (Wizards of Waverly Place, #7)	Helen Perelman	4.39	76	1360565639s/6845880	6845880-oh-brother	128
Hí´äóæí‚Œ±rsí´äóæí‚Œ±zí´äóæí‚Œ±n Gíénlíéí´äóæŒíÇíé	Jean Genet	4.01	2133	1387712420s/8714272	8714272-h-rs-z-n-g-nl	232
The Wish List	Martina Reilly	3.64	141	1347859790s/6653961	6653961-the-wish-list	374
How and Why God Evolved: An Alternative Perspective	Babar Shah Khan	5	1	1440943563s/26193108	26193108-how-and-why-god-evolved	190
Devil take the Blue-tail Fly	John Franklin Bardin	3.54	104	1281603987s/613229	613229.Devil_take_the_Blue_tail_Fly	192
Deception vol.1 (Turbulent Desire Series)	Ericka Santana	4	50	1415951210s/23553961	23553961-deception-vol-1	68
Ligo Na U, Lapit Na Me	Eros S. Atalia	3.83	1973	1264061795s/7623135	7623135-ligo-na-u-lapit-na-me	185
The Master	Colm Tíibí´íí‚én	3.83	6389	1400931609s/43691	43691.The_Master	339
Invisible Terror Collection: The Haunting/The Guardian/The Encounter (Forbidden Doors, #4-6)	Bill Myers	4.38	63	1344740309s/4735808	4735808-invisible-terror-collection	347
El cuarto Arcano II. El puerto de las tormentas	Florencia Bonelli	4.21	537	1348822864s/4369837	4369837-el-cuarto-arcano-ii-el-puerto-de-las-tormentas	592
Heart of Gold (The Laws of Magic, #2)	Michael Pryor	4.13	454	1205367706s/3004101	3004101-heart-of-gold	488
The Sound	Sarah Alderson	3.89	1860	1362220428s/15740944	15740944-the-sound	310
Cinderella in Cleats (Cinderella #1)	Carly Syms	3.51	1996	1328301266s/9144969	9144969-cinderella-in-cleats	140
The Golden Barbarian (Sedikhan, #1)	Iris Johansen	3.86	1225	1390167644s/272246	272246.The_Golden_Barbarian	352
Without Warning (The Disappearance, #1)	John   Birmingham	3.75	2199	1435693408s/3556730	3556730-without-warning	516
The Dead Emcee Scrolls: The Lost Teachings of Hip-Hop	Saul Williams	4.14	1083	1438500906s/6547	6547.The_Dead_Emcee_Scrolls	208
3 by Flannery O'Connor: The Violent Bear It Away / Everything That Rises Must Converge / Wise Blood	Flannery O'Connor	4.3	1543	1223648599s/48465	48465.3_by_Flannery_O_Connor	496
Angel Sister (Rosey Corner, #1)	Ann H. Gabhart	3.87	1330	1442313310s/8162603	8162603-angel-sister	407
Full Moon (Dark Guardian, #2)	Rachel Hawthorne	3.96	5834	1386210442s/6192165	6192165-full-moon	263
Dictionary of the Khazars	Milorad Pavií´äóæéíïŒ	4.15	3677	1320461994s/321566	321566.Dictionary_of_the_Khazars	354
Single-Column Bible-NIV	Anonymous	4.8	5	1344701196s/13700261	13700261-single-column-bible-niv	1427
Evenfall (In The Company of Shadows, #1)	Santino Hassell	4.26	3215	1344216126s/8164566	8164566-evenfall	1427
How to Break a Dragon's Heart (How to Train Your Dragon, #8)	Cressida Cowell	4.36	3120	1387566188s/6834864	6834864-how-to-break-a-dragon-s-heart	320
Moonlight Warrior (Midnight Bay #1)	Janet Chapman	4.22	1971	1349021561s/7276319	7276319-moonlight-warrior	352
Vampire Origins - Project Ichorous (The Strigoi #1)	Riley Banks	3.94	141	1366240651s/17673620	17673620-vampire-origins---project-ichorous	377
Isambard Kingdom Brunel: A Graphic Biography	Eugene Byrne	4.75	4	0	13402752-isambard-kingdom-brunel	98
You Are My Sunshine: A Holocaust Novel. (All My Love, Detrick series, #2)	Roberta Kagan	4.04	976	1397007776s/21863558	21863558-you-are-my-sunshine	436
Neptune Crossing (Chaos Chronicles, #1)	Jeffrey A. Carver	3.63	1154	1263326509s/590747	590747.Neptune_Crossing	383
Syren (Septimus Heap, #5)	Angie Sage	4.09	23407	1327949203s/4935682	4935682-syren	628
Junie B., First Grader: Jingle Bells, Batman Smells! (P.S. So Does May.) (Junie B. Jones, #25)	Barbara Park	4.09	3360	1388720018s/586322	586322.Junie_B_First_Grader	118
Prince of Thieves	Chuck Hogan	3.92	4019	1441638504s/1292495	1292495.Prince_of_Thieves	384
Finding Redemption	Jasmine Abbey	4	2	1362102481s/17452115	17452115-finding-redemption	174
Risking Trust (Private Protectors, #1)	Adrienne Giordano	3.8	379	1320424057s/12804544	12804544-risking-trust	270
Horse Latitudes	Quentin R. Bufogle	4.41	27	1348317762s/5851400	5851400-horse-latitudes	148
Metal Buttons: C.900 BC - C.1700 Ad	Brian Read	4	1	1394310681s/12298867	12298867-metal-buttons	160
A Month in the Country	J.L. Carr	4.07	3395	1388176690s/60707	60707.A_Month_in_the_Country	135
An Unexpected Woman	Sandi Layne	4.38	32	1347656998s/8105187	8105187-an-unexpected-woman	158
Goody Hall	Natalie Babbitt	3.52	223	1445161583s/449913	449913.Goody_Hall	0
The Five Things We Cannot Change: And the Happiness We Find by Embracing Them	David Richo	4.12	574	1320524434s/555253	555253.The_Five_Things_We_Cannot_Change	159
Pafko at the Wall	Don DeLillo	4.16	768	1328011138s/162497	162497.Pafko_at_the_Wall	96
Plays 3: The Homecoming / Tea Party / The Basement / Landscape / Silence / Night / That's Your Trouble / That's All / Applicant / Interview / Dialogue for Three / Old Times / No Man's Land	Harold Pinter	4.02	53	1172764200s/213885	213885.Plays_3	399
The Oxford English Dictionary  (20 Volume Set)	J.A. Simpson	4.75	205	1347631494s/644538	644538.The_Oxford_English_Dictionary	2000
Sí´ä‰åéíïéoneczniki (Sí´ä‰åéíïéoneczniki,# 1)	Halina Snopkiewicz	3.88	90	1395776303s/6723744	6723744-s-oneczniki	293
Syzyfowe prace	Stefan í´ä‰åí‚éeromski	2.43	1786	1422818718s/1264957	1264957.Syzyfowe_prace	238
Castle in the Air (Howl's Moving Castle, #2)	Diana Wynne Jones	3.91	22428	1441595370s/47520	47520.Castle_in_the_Air	298
Magic Under Glass (Magic Under, #1)	Jaclyn Dolamore	3.59	3719	1388854573s/6681393	6681393-magic-under-glass	225
Stranger in the Forest: On Foot Across Borneo	Eric Hansen	4.11	1159	1403183182s/15667	15667.Stranger_in_the_Forest	286
The Pistoleer	James Carlos Blake	3.86	194	1176412390s/623822	623822.The_Pistoleer	397
The Map of the Sky (Trilogí´íéí‚éa Victoriana, #2)	Félix J. Palma	3.88	1788	1345345270s/13049688	13049688-the-map-of-the-sky	591
Why Love Matters: How Affection Shapes a Baby's Brain	Sue Gerhardt	4.25	617	1348802849s/875395	875395.Why_Love_Matters	256
The Futurological Congress: From the Memoirs of Ijon Tichy	Stanisí´ä‰åéíïéaw Lem	4.2	5356	1387704942s/733473	733473.The_Futurological_Congress	149
The Girl Next Door	Jack Ketchum	3.96	13239	1298460378s/179735	179735.The_Girl_Next_Door	370
íéí‚éí‚éíéí‚éí‚Œíéí‚éí‚Œíéí‚éí‚äóéíéí‚éí‚í« íéí‚éí‚éíéí‚éí‚Œíéí‚éí‚Œíéí‚éí‚éíéí‚éí‚Œíéí‚éí‚éíéí‚éí‚Œíéí‚éí‚Œíéí‚éí‚Œíéí‚éí‚éíéí‚éí‚Œ	Ashapurna Devi	4.43	278	1338619471s/12288333	12288333	509
The Holy Road (Dances with Wolves, #2)	Michael Blake	3.63	443	1387750529s/637160	637160.The_Holy_Road	366
Poema de Mio Cid	Anonymous	3.43	5202	1170837912s/73419	73419.Poema_de_Mio_Cid	153
Born to Run: A Hidden Tribe, The Ultra-runners, and the Greatest Race the World Has Never Seen	Christopher McDougall	4.27	101769	1387212324s/7986569	7986569-born-to-run	287
Insider (Exodus End, #1)	Olivia Cunning	3.99	3920	1431214614s/17899089	17899089-insider	487
Our Lady of Guadalupe: And the Conquest of Darkness	Warren H. Carroll	4.47	53	1328863441s/1092158	1092158.Our_Lady_of_Guadalupe	119
The English Patient	Michael Ondaatje	3.87	83681	1320527907s/11713	11713.The_English_Patient	320
Progeny	Patrick C. Greene	3.75	272	1347668916s/16008616	16008616-progeny	230
Thunder Cake	Patricia Polacco	4.34	4391	1348409463s/443633	443633.Thunder_Cake	32
I Was a Rat!	Philip Pullman	3.53	1765	1320550409s/470219	470219.I_Was_a_Rat_	176
Judgment Day!: Islam, Israel, and the Nations	Dave Hunt	4.05	38	1347318766s/634263	634263.Judgment_Day_	396
I Am the Cheese	Robert Cormier	3.73	11642	1170356988s/48974	48974.I_Am_the_Cheese	233
Sight Map	Brian Teare	4.33	87	1348916546s/6256534	6256534-sight-map	96
The Goblin King (The Kings, #4)	Heather Killough-Walden	4.26	1577	1369357308s/17973247	17973247-the-goblin-king	199
Bones of the Moon (Answered Prayers, #1)	Jonathan Carroll	3.9	1964	1391047473s/42146	42146.Bones_of_the_Moon	224
The Egg and I (Betty MacDonald Memoirs, #1)	Betty MacDonald	3.98	5568	1391140442s/23770	23770.The_Egg_and_I	288
Pillow	Jimmy  Perrin	3.98	48	1438916112s/26054704	26054704-pillow	132
Parable of the Talents (Earthseed, #2)	Octavia E. Butler	4.18	9284	1170553715s/60932	60932.Parable_of_the_Talents	448
Treasure Island	Deidre S. Laiken	3.99	2522	1203008786s/914608	914608.Treasure_Island	240
A Fistful of Charms (The Hollows, #4)	Kim Harrison	4.28	41720	1348805978s/30260	30260.A_Fistful_of_Charms	528
Swimming Home	Deborah Levy	3.22	5764	1328777389s/11700333	11700333-swimming-home	165
The New Jim Crow: Mass Incarceration in the Age of Colorblindness	Michelle Alexander	4.42	16304	1328751532s/6792458	6792458-the-new-jim-crow	290
The Knight (The Patrick Bowers Files, #3)	Steven James	4.36	3145	1442577615s/6420553	6420553-the-knight	492
The Holy Terrors	Jean Cocteau	3.79	3294	1388729757s/80268	80268.The_Holy_Terrors	192
A Man of the People	Chinua Achebe	3.85	2265	1388249224s/37772	37772.A_Man_of_the_People	160
Princess Diana Life After Death of the English Rose	Emanuela Maria Lecca	0	0	1348428605s/15882979	15882979-princess-diana-life-after-death-of-the-english-rose	100
Carter Beats the Devil	Glen David Gold	4.08	9995	1428327514s/4599	4599.Carter_Beats_the_Devil	662
The Dangerous Days of Daniel X (Daniel X, #1)	James Patterson	3.56	13885	1266659390s/2235597	2235597.The_Dangerous_Days_of_Daniel_X	238
Edge of Eternity	Randy Alcorn	3.98	1086	1175812910s/562478	562478.Edge_of_Eternity	325
áí‰ŒéíïíÍáí‰ŒŒíÍáí‰ŒéíïíÍáí‰Œí‚Œáí‰Œí‚Œáí‰Œí‚Œ¢áí‰Œí‚Œáí‰Œí‚Œ¢áí‰ŒŒíÍáí‰Œí‚Œ áí‰ŒéäóæŒ¢áí‰Œí‚Œáí‰ŒŒíáí‰Œí‚Œáí‰Œí‚Œ¢áí‰Œí‚Œáí‰ŒŒíáí‰Œí‚Œ¢áí‰ŒŒíÍáí‰ŒŒíáí‰ŒéíïŒáí‰Œí‚Œ áí‰Œéíïéáí‰Œí‚Œáí‰Œí‚éáí‰Œí‚í†áí‰ŒéíïŒ¢áí‰ŒéíïŒáí‰ŒŒíáí‰Œí‚Œ	Konstantine Gamsakhurdia	4.16	656	1386421153s/9754154	9754154	408
The Pink Ghetto	Liz Ireland	3.39	150	1176575283s/636647	636647.The_Pink_Ghetto	304
Gí´íéí‚élgesizler	Hasan Ali Toptaí´ä‰åŒíÇ	4.27	1125	1413672458s/5055737	5055737-g-lgesizler	228
íééíïéí‚Œí´Íí‚Œí‚Êí´Íí‚éí‚Œ¢íééíïŒŒíÇ í´í†í‚éŒéíééíïŒ¢í‚Œíéí‚íÇéíïííééíïŒ¢ŒŒí´Íí‚ŒŒŒí´Œ£í‚Œí‚Œ£í´Œ£í‚ŒŒíÇí´Œ£éíïééíïŒíéŒíí‚íéíéí‚Œéíïíñí´Œ£í‚Œí‚éí´Œ£í‚ŒéäóæŒ¢í´í†í‚éŒé 2 (Mushoku Tensei, #2)	Rifujin na Magonote	4.22	183	1406169028s/22798815	22798815-2	320
Infinity Key (Senyaza, #2)	Chrysoula Tzavelas	4.29	34	1394288412s/21145508	21145508-infinity-key	260
Terrorism: Theirs & Ours	Eqbal Ahmad	4.08	64	1320454011s/86938	86938.Terrorism	64
Stargazer (Evernight, #2)	Claudia Gray	3.8	46997	1306376986s/3054684	3054684-stargazer	329
Pinnacle Lust	Michelle Dim-St. Pierre	4.18	28	1425226663s/25048039	25048039-pinnacle-lust	368
Branded	D. Perdue Henderson	4.17	12	1409609156s/12600638	12600638-branded	166
The Lesser Blessed: A Novel	Richard Van Camp	3.94	540	1328760414s/589995	589995.The_Lesser_Blessed	128
Gustav Klimt: 1862-1918	Gilles Néret	4.11	14308	1393794080s/103902	103902.Gustav_Klimt	96
Great Mysteries of the Past: Experts Unravel Fact and Fallacy Behind the Headlines of History	Reader's Digest Association	4.31	80	1335772923s/1437380	1437380.Great_Mysteries_of_the_Past	448
í´íŠí‚éí´í©éíïéí´íŠí‚Œ±í´íŠí‚Œ£í´íŠí‚Œ© í´í©éíïéí´í©éíïé í´íŠí‚Êí´íŠí‚Œ±í´íŠí‚éí´íŠí‚é í´íŠí‚í«í´íŠí‚éí´íŠí‚Œµ	í´í©í‰Œí´íŠí‚Œ±í´í©Œéí´í©éíïé í´íŠí‚éí´í©éíïéí´íŠí‚í¢í´íŠí‚éí´íŠí‚Œí´í©éíïéí´í©Œé	3.77	3741	1238919986s/6380842	6380842	215
Saving Fish from Drowning	Amy Tan	3.4	24379	1388209360s/9503	9503.Saving_Fish_from_Drowning	472
The War of the Flowers	Tad Williams	3.86	7055	1386923902s/28692	28692.The_War_of_the_Flowers	828
Some Haunted Houses: Of England & Wales	Elliott O'Donnell	4.4	5	1459254447s/12823990	12823990-some-haunted-houses	192
The Door Within (The Door Within, #1)	Wayne Thomas Batson	3.97	5735	1380856708s/712731	712731.The_Door_Within	350
The Tender Bar	J.R. Moehringer	3.92	23399	1348917147s/144977	144977.The_Tender_Bar	432
The Well of Ascension (Mistborn, #2)	Brandon Sanderson	4.34	131803	1421103323s/68429	68429.The_Well_of_Ascension	590
The Nether World	George Gissing	3.81	418	1182533196s/1290068	1290068.The_Nether_World	404
Meteor!	Patricia Polacco	4	242	1348111320s/165208	165208.Meteor_	32
The Lake Dweller (Spencer Kane Adventure #4)	B.L. Hoffman	5	3	1420518382s/21848119	21848119-the-lake-dweller	224
The Witch's Eight Paths of Power: A Complete Course in Magick and Witchcraft	Lady Sable Aradia	4.31	13	1405819117s/21543957	21543957-the-witch-s-eight-paths-of-power	288
All the Right Enemies: The Life and Murder of Carlo Tresca	Dorothy Gallagher	4	8	1404276257s/1001226	1001226.All_the_Right_Enemies	300
L'í´íééíïŒcume des jours	Boris Vian	4.03	14310	1332596603s/141828	141828.L_cume_des_jours	351
How to Abduct a Highland Lord (MacLean Curse, #1)	Karen Hawkins	3.92	3694	1410977930s/300043	300043.How_to_Abduct_a_Highland_Lord	313
The Summoning (Darkest Powers, #1)	Kelley Armstrong	4.03	124860	1327890699s/2800905	2800905-the-summoning	390
Arsenic and Old Lace	Joseph Kesselring	4.13	17660	1319500896s/178599	178599.Arsenic_and_Old_Lace	104
Sisters	Raina Telgemeier	4.28	18829	1411022689s/18225810	18225810-sisters	208
The Magicians and the Magician King	Lev Grossman	4.24	506	1355897865s/16674653	16674653-the-magicians-and-the-magician-king	832
í´íŠí‚Œ±í´íŠí‚éí´í©éíïéí´íŠí‚éí´í©éíïŒ í´í©éíïéí´í©éíïé í´íŠí‚éí´í©éíïéí´íŠí‚í¢í´í©í‰Œ í´í©éíïéí´í©éíïéí´íŠí‚í¢í´í©í‰Œ í´íŠí‚Íí´íŠí‚Œ±í´íŠí‚éí´í©éíïŒ	í´í©éíïéí´íŠí‚Œµí´íŠí‚Êí´í©í‚Œí´í©éíïŒ í´íŠí‚í¢í´í©éíïŒí´í©Œéí´íŠí‚Í	3.51	1521	1423167186s/24357777	24357777	189
Forest Wars	Graham Diamond	4	7	1348384104s/2616682	2616682-forest-wars	422
Jessica's Monster Nightmare (Sweet Valley Kids #42)	Francine Pascal	3.56	59	1266821771s/2435801	2435801.Jessica_s_Monster_Nightmare	74
Revolutionary Road	Richard Yates	3.88	57645	1353721885s/48328	48328.Revolutionary_Road	355
Heart's Blood	Juliet Marillier	4.1	9665	1327169281s/6278019	6278019-heart-s-blood	405
What Do We Know	Mary Oliver	4.33	363	1395001023s/201219	201219.What_Do_We_Know	88
O Ella Muere	Gregg Hurwitz	3.7	2131	1348089550s/14699938	14699938-o-ella-muere	397
Robot Dreams (Robot, #0.4)	Isaac Asimov	4.11	6854	1309206791s/41818	41818.Robot_Dreams	352
í´í©éíïéí´í©éíïéí´íŠí‚Êí´íŠí‚Œ© í´íŠí‚éí´í©éíïéí´í©éíïéí´í©ŒŒéí´íŠí‚Œ±	í´íŠí‚Íí´í©éíïŒí´íŠí‚éí´íŠí‚Œ í´íŠí‚Êí´íŠí‚éí´í©éíïŒí´íŠí‚Œ±	3.88	4958	1327781796s/2877205	2877205	302
Stray (Touchstone, #1)	Andrea K. Hí´íí‚ést	4	2297	1335183787s/10837174	10837174-stray	273
With the Father	Jenni Moen	3.85	903	1409147244s/22850084	22850084-with-the-father	257
Fear of Falling (Fearless, #1)	S.L. Jennings	4.13	14136	1368159690s/17254226	17254226-fear-of-falling	320
Omega Mine (Alpha and Omega, #1)	Aline Hunter	3.8	5275	1315076710s/12509806	12509806-omega-mine	296
Collected Poems 1947-1997	Allen Ginsberg	4.34	2025	1389836837s/50316	50316.Collected_Poems_1947_1997	1189
The Feast of the Goat	Mario Vargas Llosa	4.19	14288	1439920504s/53969	53969.The_Feast_of_the_Goat	475
Awkward (Smith High, #1)	Marni Bates	3.92	3946	1326114502s/11325353	11325353-awkward	239
The Return of the Native	Thomas Hardy	3.83	23687	1403182613s/32650	32650.The_Return_of_the_Native	448
Cinta Sufi (Bagaikan Puteri, #4)	Ramlee Awang Murshid	4.41	830	1269754751s/7926583	7926583-cinta-sufi	509
í´Œéíïéí´Œ«í‰Œí´Œí‚éí´Œí‚éí´Œí‚Œ í´Œí‚í¢í´Œ«Œéí´Œí‚éí´Œí‚Œ II (í´ŒéíïíŠí´Œí‚íÇí´Œí‚Œ±í´Œí‚éí´Œí‚íÇí´Œí‚éí´Œ«éíïéí´Œí‚Œµí´Œí‚éí´Œí‚Œ í´ŒéíïíÍí´Œí‚Œí´Œí‚éí´Œí‚Œí´Œí‚éí´Œ«éíïéí´Œí‚íÇí´Œí‚éí´Œí‚Œ #74)	Sergey Pavlov	4.19	37	1343927988s/15782868	15782868-ii	445
Divine One (Sisters of Isis, #2)	Lynne Ewing	3.84	862	1437935165s/580898	580898.Divine_One	257
Chasing the Prophecy (Beyonders, #3)	Brandon Mull	4.34	10852	1356328161s/15801381	15801381-chasing-the-prophecy	512
í´í©í‰Œí´íŠí‚Íí´íŠí‚Œ±í´íŠí‚éí´í©í‚Œ í´í©ŒŒéí´í©éíïéí´íŠí‚éí´í©Œéí´íŠí‚é í´íŠí‚Œ£í´í©éíïé í´íŠí‚Œ£í´í©éíïéí´íŠí‚éí´í©éíïŒ	í´íŠí‚Íí´íŠí‚äóÁí´í©Œéí´í©éíïéí´íŠí‚Œ© í´íŠí‚éí´í©éíïéí´íŠí‚éí´í©Œéí´íŠí‚éí´í©éíïŒ	3.73	5649	1385270527s/18879551	18879551	280
Rock Hard (Sinners on Tour, #2)	Olivia Cunning	4.12	35053	1295759548s/9442157	9442157-rock-hard	448
A Crown of Swords (Wheel of Time, #7)	Robert Jordan	3.97	79114	1358542379s/13890	13890.A_Crown_of_Swords	880
Survivor	Tabitha King	3.67	418	1175189917s/490138	490138.Survivor	496
Seize the Day	Saul Bellow	3.55	6889	1388238463s/52782	52782.Seize_the_Day	114
Never Learn Anything From History	Kate Beaton	4.05	1054	1242095822s/6464060	6464060-never-learn-anything-from-history	68
The Forge of God	Greg Bear	3.85	10098	1328363693s/9726227	9726227-the-forge-of-god	484
King of the Wind: The Story of the Godolphin Arabian	Marguerite Henry	4.18	18978	1329982839s/423156	423156.King_of_the_Wind	176
Thank You for Being Such a Pain: Spiritual Guidance for Dealing with Difficult People	Mark Rosen	3.77	87	1403166057s/221817	221817.Thank_You_for_Being_Such_a_Pain	306
Fighting Silence (On the Ropes, #1)	Aly Martinez	4.25	9027	1418650258s/23206497	23206497-fighting-silence	272
Aftershock (H.I.V.E., #7)	Mark Walden	4.32	2025	1329390030s/10412949	10412949-aftershock	278
White Oleander	Janet Fitch	3.91	225974	1390364843s/32234	32234.White_Oleander	446
I Need You More Than I Love You and I Love You to Bits	Gunnar Ardelius	3.67	633	1348238332s/4569952	4569952-i-need-you-more-than-i-love-you-and-i-love-you-to-bits	118
Difficult Conversations: How to Discuss What Matters Most	Douglas Stone	4.03	5451	1404454191s/774088	774088.Difficult_Conversations	272
The Black Sheep	Yvonne Collins	3.61	1105	1421211108s/1217102	1217102.The_Black_Sheep	352
The Iron Dragon's Daughter	Michael Swanwick	3.72	2408	1178086956s/757038	757038.The_Iron_Dragon_s_Daughter	352
Beauty and the Billionaire (Billionaire Boys Club, #2)	Jessica Clare	4.08	8342	1366125283s/17825218	17825218-beauty-and-the-billionaire	261
The Heart of the World: A Journey to the Last Secret Place	Ian Baker	4.06	486	1309210792s/406987	406987.The_Heart_of_the_World	544
The First Wives Club	Olivia Goldsmith	3.85	16060	1405833638s/202292	202292.The_First_Wives_Club	480
Phoenix (Black City, #2)	Elizabeth  Richards	4.12	3127	1352845214s/16148491	16148491-phoenix	273
Chocolat (Chocolat, #1)	Joanne Harris	3.94	83728	1388674628s/47401	47401.Chocolat	306
The Fourth Hand	John Irving	3.28	22914	1375776688s/4656	4656.The_Fourth_Hand	368
One Man Tango	Anthony Quinn	3.8	54	1266753336s/1244267	1244267.One_Man_Tango	388
Alchymist: A Tale Of The Three Worlds (The Well of Echoes, #3)	Ian Irvine	4.04	1097	1347621790s/263059	263059.Alchymist	720
Bareback (The Huntsmen, #2)	Amber Green	3.54	57	1231550165s/6084471	6084471-bareback	376
Becoming Justice Blackmun: Harry Blackmun's Supreme Court Journey	Linda Greenhouse	4.03	837	1430007483s/345301	345301.Becoming_Justice_Blackmun	288
100 í´íŠí‚éí´íŠí‚éí´íŠí‚éí´í©éíïé í´í©ŒŒéí´íŠí‚íéí´í©ŒŒéí´íŠí‚éí´íŠí‚Í í´í©í‚Œí´í©Œé í´íŠí‚éí´í©éíïéí´í©í‚Œí´í©éíïéí´íŠí‚Œ© í´íŠí‚éí´í©éíïéí´íŠí‚äóéí´íŠí‚éí´í©éíïéí´íŠí‚éí´í©éíïéí´í©Œé	í´í©éíïéí´íŠí‚éí´í©éíïéí´íŠí‚í† í´í©éíïéí´íŠí‚_í´í©ŒŒ_í´í©éíïéí´í©Œé í´íŠí‚éí´í©éíïéí´íŠí‚í¢í´íŠí‚éí´íŠí‚Œ±í´íŠí‚éí´í©ŒŒ_í´í©Œé	4.26	102	1343428014s/15773615	15773615-100	212
The Other Side of the Mountain: The Story of Jill Kinmont	Evans G. Valens	3.84	920	1433550992s/129808	129808.The_Other_Side_of_the_Mountain	352
The Inheritors	William Golding	3.54	2306	1398024984s/14428	14428.The_Inheritors	240
Die Ní´íéí‚éhe der Nornen: Der geheime Schlíéssel - Band 3	Kerstin Hornung	4.5	2	1386107123s/19164437	19164437-die-n-he-der-nornen	443
Dream Weaver	Penina Keen Spinka	4.01	143	1309281778s/2058494	2058494.Dream_Weaver	512
El fin del poder	Moisés Naí´íí‚ém	3.57	1686	1385756277s/19049001	19049001-el-fin-del-poder	313
The Meaning of Human Existence	Edward O. Wilson	3.8	1803	1431901378s/20665570	20665570-the-meaning-of-human-existence	207
Weapon of Choice: ARSOF in Afghanistan	Charles H. Briscoe	4.09	11	1328833465s/786416	786416.Weapon_of_Choice	433
What's So Great About Christianity	Dinesh D'Souza	3.98	1688	1328328361s/6593318	6593318-what-s-so-great-about-christianity	373
On Mystic Lake	Kristin Hannah	3.95	22222	1388206921s/217436	217436.On_Mystic_Lake	448
The Curse of Lono	Hunter S. Thompson	3.95	3869	1411950841s/52880	52880.The_Curse_of_Lono	205
UnRaveled	K. Bromberg	3.99	2851	1397757329s/21943866	21943866-unraveled	62
In the Presence of the Enemy (Inspector Lynley, #8)	Elizabeth  George	4.05	7383	1389270805s/77097	77097.In_the_Presence_of_the_Enemy	656
Unforgettable (It Girl, #4)	Cecily von Ziegesar	3.81	4592	1330230380s/400016	400016.Unforgettable	288
Horses	Yann Arthus-Bertrand	4.51	47	1337389767s/4096242	4096242-horses	232
í´íŠí‚éí´íŠí‚Œ± í´í©éíïéí´í©éíïé í´íŠí‚Œ£í´íŠí‚éí´íŠí‚Œ±í´íŠí‚éí´íŠí‚Œ±í´í©í‰Œ	í´íŠí‚éí´íŠí‚Œµí´íŠí‚éí´í©éíïé í´í©í‰Œí´íŠí‚Œ±í´í©éíïé í´íŠí‚éí´í©éíïéí´íŠí‚Êí´í©ŒŒ_í´íŠí‚í«í´í©Œé	3.64	42	1358632337s/17261114	17261114	142
Seven Little Australians (Woolcots, #1)	Ethel Turner	3.87	3009	1348526022s/1670481	1670481.Seven_Little_Australians	144
The Excellent Wife: A Biblical Perspective	Martha Peace	4.06	3769	1386749331s/83219	83219.The_Excellent_Wife	256
Bound by Honor (Born in Blood Mafia Chronicles, #1)	Cora Reilly	4.18	11005	1418481477s/23357188	23357188-bound-by-honor	323
The Life and Death of Anne Boleyn	Eric Ives	4.16	7232	1388202615s/31086	31086.The_Life_and_Death_of_Anne_Boleyn	458
Ruth's Dilemma (The Zook Sisters of Lancaster County #1)	June Bryan Belfie	4.24	214	1384901955s/18866912	18866912-ruth-s-dilemma	303
The Go-Giver: A Little Story About a Powerful Business Idea	Bob Burg	4.3	5267	1355085736s/1873060	1873060.The_Go_Giver	133
A Season of Joy (The Work and the Glory, #5)	Gerald N. Lund	4.31	8621	1176430193s/625555	625555.A_Season_of_Joy	600
Broken Pieces (Broken Pieces, #1)	Riley Hart	4.19	3588	1385998416s/18874773	18874773-broken-pieces	339
The Scent of Shadows (Signs of the Zodiac, #1)	Vicki Pettersson	3.51	8867	1348348613s/7067630	7067630-the-scent-of-shadows	464
Moon Kissed (LaRue, #1)	Donna Grant	4.05	244	1408953624s/21567666	21567666-moon-kissed	119
On Self-Denial	John Calvin	4.8	5	1357872685s/16147869	16147869-on-self-denial	24
Flyte (Septimus Heap, #2)	Angie Sage	3.98	47973	1442694368s/355917	355917.Flyte	521
I Kissed the Baby!	Mary Murphy	3.94	764	1320552239s/1000339	1000339.I_Kissed_the_Baby_	24
King Cave (Forever Evermore, #2)	Scarlett Dawn	4.44	4101	1384357529s/18518269	18518269-king-cave	432
Inky Girl	Salvatore Robert Froio	5	2	1348393984s/8652648	8652648-inky-girl	236
The Nerdy Nummies Cookbook: Sweet Treats for the Geek in All of Us	Rosanna Pansino	4.44	623	1438129027s/26000304	26000304-the-nerdy-nummies-cookbook	256
Timeless Love	Judith O'Brien	3.6	389	1186814284s/1681964	1681964.Timeless_Love	231
There is No Light in Darkness (Darkness, #1)	Claire Contreras	4.13	11453	1355190153s/16304482	16304482-there-is-no-light-in-darkness	252
The Coming Plague: Newly Emerging Diseases in a World Out of Balance	Laurie Garrett	4.15	7546	1441778813s/46722	46722.The_Coming_Plague	750
The Doors of His Face, the Lamps of His Mouth	Roger Zelazny	4.07	2948	1422062944s/13824	13824.The_Doors_of_His_Face_the_Lamps_of_His_Mouth	512
10 Things to Do Before I Die	Daniel Ehrenhaft	3.24	910	1320437302s/451944	451944.10_Things_to_Do_Before_I_Die	224
Lost Tales Of Ga'Hoole	Kathryn Huang Knight	4.18	2252	1328838962s/7209860	7209860-lost-tales-of-ga-hoole	192
Green Lantern: New Guardians, Vol. 1: The Ring Bearer	Tony Bedard	3.82	1380	1345666834s/13497718	13497718-green-lantern	160
The Daring Game	Kit Pearson	3.79	668	1328007398s/857705	857705.The_Daring_Game	240
Stranger than Fiction	Chuck Palahniuk	3.56	19346	1390189467s/3717	3717.Stranger_than_Fiction	233
Wages, Price and Profit	Karl Marx	4.01	159	1348986650s/276514	276514.Wages_Price_and_Profit	92
The Horse and His Boy (Chronicles of Narnia, #5)	C.S. Lewis	3.89	182769	1388210968s/84119	84119.The_Horse_and_His_Boy	224
A Proscriptive Relationship	Jordan Lynde	4.35	1477	1325344923s/13347531	13347531-a-proscriptive-relationship	246
The Tower	W.B. Yeats	4.14	274	1348661517s/138167	138167.The_Tower	134
Contos de Aprendiz	Carlos Drummond de Andrade	4.07	123	1243793537s/6512115	6512115-contos-de-aprendiz	160
Claimed By Shadow (Cassandra Palmer, #2)	Karen Chance	3.98	17366	1307391261s/207365	207365.Claimed_By_Shadow	384
The Mediterranean Caper (Dirk Pitt, #1)	Clive Cussler	3.74	12596	1442726835s/41701	41701.The_Mediterranean_Caper	384
The Melancholy of Haruhi Suzumiya, Vol. 8 (The Melancholy of Haruhi Suzumiya, #8)	Nagaru Tanigawa	4.11	179	1388628662s/9091486	9091486-the-melancholy-of-haruhi-suzumiya-vol-8	176
Farnham's Freehold	Robert A. Heinlein	3.54	9128	1170371993s/50840	50840.Farnham_s_Freehold	294
Boca do Inferno	Ricardo Araí´íí‚éjo Pereira	3.65	375	1333600265s/2398363	2398363.Boca_do_Inferno	294
The Ex Games (The Ex Games, #1)	J.S. Cooper	3.71	9460	1388111204s/20320531	20320531-the-ex-games	66
D.Gray-man, Vol. 2: Old Man of the Land and Aria of the Night Sky (D.Gray-man, #2)	Katsura Hoshino	4.35	5890	1388341768s/569430	569430.D_Gray_man_Vol_2	182
The Rig Veda	Anonymous	3.91	733	1311645824s/463877	463877.The_Rig_Veda	352
The Uninvited	Aral Bereux	4.27	22	1373188550s/18166482	18166482-the-uninvited	277
The Roman Spring of Mrs. Stone	Tennessee Williams	3.66	730	1347738687s/842395	842395.The_Roman_Spring_of_Mrs_Stone	112
The Face Of Deception (Eve Duncan, #1)	Iris Johansen	4.06	16408	1314902854s/272264	272264.The_Face_Of_Deception	326
The Girl (Guardians #1)	Lola St.Vil	3.7	4781	1348982899s/16054252	16054252-the-girl	312
The Secret Year	Jennifer R.  Hubbard	3.59	3943	1347572741s/5598819	5598819-the-secret-year	192
Vicious Moon (Earth Witches, #3)	Lee Roland	3.57	100	1362959357s/15808323	15808323-vicious-moon	293
White Night (The Dresden Files, #9)	Jim Butcher	4.41	69278	1309552288s/91475	91475.White_Night	416
Travels With My Aunt	Graham Greene	3.84	6849	1327958103s/48858	48858.Travels_With_My_Aunt	254
Cool!	Michael Morpurgo	3.81	1647	1332333862s/1527414	1527414.Cool_	112
Red Cavalry and Other Stories	Isaac Babel	3.99	267	1349123958s/130081	130081.Red_Cavalry_and_Other_Stories	369
Hellsing, Vol. 01 (Hellsing, #1)	Kohta Hirano	4.28	21605	1403205185s/74928	74928.Hellsing_Vol_01	176
Daun Pun Berzikir	Taufiqurrahman al-Azizy	3.7	40	1287464717s/9535775	9535775-daun-pun-berzikir	359
The Comfort of Strangers	Ian McEwan	3.46	9050	1388197584s/6872	6872.The_Comfort_of_Strangers	128
Compel (Rae Wilder, #2)	Penelope Fletcher	4.08	1796	1336811692s/10490387	10490387-compel	297
Sugar and Spice (L.A. Candy, #3)	Lauren Conrad	3.55	10981	1277830544s/7707538	7707538-sugar-and-spice	288
The Girl on the High Diving Horse	Linda Oatman High	3.68	44	1309201691s/885122	885122.The_Girl_on_the_High_Diving_Horse	40
Cracked Hearts	Linda Masemore Pirrung	4.27	99	1389463163s/19548967	19548967-cracked-hearts	266
Promise Canyon (Virgin River, #11)	Robyn Carr	4.12	6174	1288285190s/8487974	8487974-promise-canyon	342
Hemlock (Hemlock, #1)	Kathleen Peacock	3.91	9011	1321469061s/12985143	12985143-hemlock	404
Unleash Me, Vol. 1 (Unleash Me, #1)	Christina Ross	3.98	643	1392168486s/20793704	20793704-unleash-me-vol-1	167
The Law of Nines	Terry Goodkind	3.59	9452	1348444602s/6311614	6311614-the-law-of-nines	502
Then Came Heaven	LaVyrle Spencer	3.92	2330	1387738942s/774289	774289.Then_Came_Heaven	332
Fornicationn	Julia Press Simmons	4.31	65	1409375817s/13317882	13317882-fornicationn	230
How to Cook Everything: Simple Recipes for Great Food	Mark Bittman	4.03	41734	1407047944s/603204	603204.How_to_Cook_Everything	960
America's Real War	Daniel Lapin	4.03	40	1320894721s/2862626	2862626-america-s-real-war	384
Fall: The Last Testament of Lucifer Morningstar	David Scott Hay	3.61	87	1329076181s/11948262	11948262-fall	161
Soft Shatter (Wolven Moon Book 1)	Dany Rae Miller	3.94	52	1430303461s/23633542	23633542-soft-shatter	351
Georgia on Her Mind	Rachel Hauck	3.85	1425	1174947174s/459746	459746.Georgia_on_Her_Mind	307
All Things Dance Like Dragonflies	C. JoyBell C.	3.94	35	1361015417s/17377749	17377749-all-things-dance-like-dragonflies	140
The Book of Tea	Okakura Kakuzí´ä‰åí‚Œ	3.81	5071	1335977292s/904538	904538.The_Book_of_Tea	133
Life of a Eunuch	Piyush Saxena	3.86	7	1330807928s/13509829	13509829-life-of-a-eunuch	540
The Maze of Bones  (The 39 Clues, #1)	Rick Riordan	3.82	54534	1385117877s/2921082	2921082-the-maze-of-bones	220
Crossing to Safety	Wallace Stegner	4.16	24701	1436043179s/9820	9820.Crossing_to_Safety	368
Rapture (Shadowdwellers, #2)	Jacquelyn Frank	4.24	5453	1366420156s/6056519	6056519-rapture	394
Obsession (Drawn, #3)	Lilliana Anderson	4	413	1398859717s/22025733	22025733-obsession	300
God Jokes-The Art of Mati Klarwein	Mati Klarwein	4.5	6	0	2122741.God_Jokes_The_Art_of_Mati_Klarwein	0
Biblia hazlie	Léo Taxil	4.06	145	1330984067s/13512781	13512781-biblia-hazlie	549
Undead and Unworthy (Undead, #7)	MaryJanice Davidson	3.82	12766	1438906428s/2255114	2255114.Undead_and_Unworthy	285
